<?xml version="1.0"?>
<config xmlns:xsi="http://www.w3.org/2001/XMLSchema-instance" xsi:noNamespaceSchemaLocation="urn:magento:framework:Acl/etc/acl.xsd">
    <acl>
        <resources>
            <resource id="Magento_Backend::admin">
                <resource id="Hexaware_Listing::listing" title="Hexaware List" sortOrder="51">
                    <resource id="Hexaware_Listing::post" title="Posts" sortOrder="10"/>
                    <resource id="Hexaware_Listing::listing_configuration" title="Configuration" sortOrder="99" />
                </resource>
                <resource id="Magento_Backend::stores">
                    <resource id="Magento_Backend::stores_settings">
                        <resource id="Magento_Config::config">
                            <resource id="Hexaware_Listing::listing_config" title="Hexaware List"/>
                        </resource>
                    </resource>
                </resource>
            </resource>
        </resources>
    </acl>
</config>