<config xmlns:xsi="http://www.w3.org/2001/XMLSchema-instance" xsi:noNamespaceSchemaLocation="../../../../../lib/internal/Magento/Framework/ObjectManager/etc/config.xsd">
    <type name="Magento\Framework\View\Element\UiComponent\DataProvider\CollectionFactory">
        <arguments>
            <argument name="collections" xsi:type="array">
                <item name="hexaware_listing_post_listing_data_source" xsi:type="string">Hexaware\Listing\Model\ResourceModel\Post\Collection</item>
            </argument>
        </arguments>
    </type>
    <virtualType name="Hexaware\Listing\Model\ResourceModel\Post\Collection" type="Magento\Framework\View\Element\UiComponent\DataProvider\SearchResult">
        <arguments>
            <argument name="mainTable" xsi:type="string">hexaware_listing_post</argument>
            <argument name="resourceModel" xsi:type="string">Hexaware\Listing\Model\ResourceModel\Post</argument>
        </arguments>
    </virtualType>
	
</config>